id,title,department,seniority_level,employment_type,location,remote_type,salary_min,salary_max,currency,years_experience,required_skills,description
JP-001,Software Engineer,Engineering,Mid,Full-time,"Colombo, Sri Lanka",Hybrid,180000,260000,LKR,2-4,Python;Django;PostgreSQL;REST APIs;Docker,"We are looking for a Software Engineer to join our growing product team. You will design, build, and maintain backend services that power our core platform, collaborate closely with product and QA, and help shape our engineering practices as we scale. The ideal candidate has hands-on experience building REST APIs in Python (Django or FastAPI), is comfortable with relational databases, and has some exposure to containerized deployments. You will participate in code reviews, write tests, and contribute to architecture discussions. We offer a hybrid work model, annual learning budget, and a supportive engineering culture that values clean code and mentorship over hero-culture overtime."
JP-002,Senior Data Scientist,Data & Analytics,Senior,Full-time,"Colombo, Sri Lanka",Remote,350000,480000,LKR,5-8,Python;Scikit-learn;SQL;A/B Testing;MLOps,"Our Data & Analytics team is hiring a Senior Data Scientist to lead predictive modelling initiatives across churn, pricing, and demand forecasting. You will own projects end-to-end: framing the business problem, building and validating models, and partnering with engineering to ship them into production. We expect strong Python and SQL skills, experience running rigorous A/B tests, and familiarity with MLOps practices for model monitoring. You'll also mentor two junior data scientists and present findings directly to leadership. This is a fully remote role open to candidates anywhere in Sri Lanka, with quarterly in-person offsites."
JP-003,Data Analyst Intern,Data & Analytics,Intern,Internship,"Kandy, Sri Lanka",On-site,25000,35000,LKR,0,Excel;SQL basics;Power BI;Statistics,"A 6-month internship for a final-year undergraduate interested in data analytics. You will support the team by cleaning datasets, building simple dashboards in Power BI, and drafting weekly summary reports for stakeholders. No professional experience is required, but comfort with spreadsheets, basic SQL, and an interest in statistics is expected. This is a great first step for someone who wants to build a portfolio of real business analytics work under the guidance of a senior analyst. On-site presence in our Kandy office is required three days a week."
JP-004,DevOps Engineer,Engineering,Mid,Full-time,"Colombo, Sri Lanka",Hybrid,220000,300000,LKR,3-5,AWS;Kubernetes;Terraform;CI/CD;Linux,"Join our platform team as a DevOps Engineer responsible for the reliability and scalability of our AWS-hosted infrastructure. You'll manage Kubernetes clusters, build and improve CI/CD pipelines, and codify infrastructure with Terraform. Strong Linux fundamentals and an on-call rotation mindset are essential. You will also work with security to harden our environments and reduce cloud spend through smarter autoscaling. Prior experience supporting a production system with real users is strongly preferred."
JP-005,HR Business Partner,Human Resources,Senior,Full-time,"Colombo, Sri Lanka",On-site,250000,320000,LKR,6-10,Employee Relations;Performance Management;Labor Law;Coaching,"We're seeking an experienced HR Business Partner to act as a strategic advisor to two of our business units. You will guide managers through performance management cycles, resolve employee relations issues with sound judgement, and ensure our practices comply with local labor law. The right candidate builds trust quickly, coaches leaders through difficult conversations, and can translate business goals into people strategy. This is an on-site role based at our Colombo head office, with occasional travel to regional branches."
JP-006,Sales Executive,Sales,Junior,Full-time,"Galle, Sri Lanka",On-site,90000,140000,LKR,1-2,Cold Calling;CRM (HubSpot);Negotiation;B2B Sales,"We're expanding our southern-region sales team and looking for an energetic Sales Executive to generate and close new B2B business. Responsibilities include cold outreach, running product demos, negotiating contracts, and maintaining accurate pipeline records in HubSpot. A base salary plus uncapped commission structure rewards top performers well beyond the listed range. Prior sales experience is a plus but not required for candidates who can demonstrate strong communication skills and resilience."
JP-007,Marketing Manager,Marketing,Mid,Full-time,"Colombo, Sri Lanka",Hybrid,200000,270000,LKR,4-6,Content Strategy;SEO;Google Analytics;Campaign Management,"As Marketing Manager you will own our digital marketing calendar across content, SEO, and paid channels. You'll plan and execute campaigns, analyze performance in Google Analytics, and work with an external design agency to keep brand output consistent. We're looking for someone who can both write compelling copy and read a funnel report, translating data into next quarter's content plan. You'll manage one junior marketing executive directly."
JP-008,Customer Support Specialist,Customer Support,Junior,Full-time,Remote (Sri Lanka),Remote,95000,125000,LKR,0-2,Zendesk;Written Communication;Troubleshooting;Empathy,"Be the first point of contact for our customers via chat and email. You will troubleshoot product issues, escalate bugs to engineering with clear reproduction steps, and maintain a friendly, patient tone even in frustrating situations. We use Zendesk for ticketing and measure success by resolution time and customer satisfaction score, not just ticket volume. This role is fully remote with a rotating shift schedule covering Sri Lanka and UK business hours."
JP-009,Product Manager,Product,Senior,Full-time,"Colombo, Sri Lanka",Hybrid,320000,420000,LKR,5-8,Product Discovery;Roadmapping;SQL;Stakeholder Management,"We're hiring a Senior Product Manager to own our core analytics product line. You will run discovery interviews with customers, prioritize a roadmap balancing technical debt and new features, and write clear specs that engineering can execute against without constant clarification. Comfort querying data directly in SQL to validate hypotheses is expected. You'll report to the Head of Product and work closely with design, engineering, and sales."
JP-010,Graphic Designer,Marketing,Junior,Contract,"Colombo, Sri Lanka",Remote,70000,110000,LKR,1-3,Figma;Adobe Illustrator;Brand Guidelines;Social Media Design,"We need a Graphic Designer on a 6-month contract to produce social media assets, presentation decks, and occasional print collateral. You'll work from our existing brand guidelines but should bring a sharp eye for what performs well on Instagram and LinkedIn. Deliver a mix of static and short animated assets in Figma and Adobe tools, turning around requests within a 48-hour SLA. Portfolio review is part of the interview process."
JP-011,Content Writer,Marketing,Mid,Part-time,Remote (Sri Lanka),Remote,60000,90000,LKR,2-4,SEO Writing;Editing;Research;WordPress,"Our blog needs a steady hand. This part-time Content Writer role involves researching and drafting two long-form articles per week on B2B SaaS topics, optimizing for SEO without sacrificing readability, and publishing directly through WordPress. You'll work from an editorial calendar set collaboratively with the Marketing Manager and receive feedback through tracked-change reviews. Prior experience writing for a technical or business audience is required."
JP-012,Financial Analyst,Finance,Mid,Full-time,"Colombo, Sri Lanka",On-site,170000,230000,LKR,3-5,Excel Modeling;Forecasting;Variance Analysis;ERP Systems,"We are hiring a Financial Analyst to support monthly close, budgeting, and forecasting cycles. You will build and maintain Excel models for departmental budgets, investigate variances against forecast, and prepare board-ready summaries. Experience with an ERP system (SAP or NetSuite) is a plus. Strong attention to detail and the ability to explain financial concepts to non-finance stakeholders are essential."
JP-013,Junior Software Engineer,Engineering,Junior,Full-time,"Colombo, Sri Lanka",Hybrid,130000,170000,LKR,0-2,JavaScript;React;Git;Problem Solving,"A great first (or second) role for a developer who wants to grow on a small, collaborative team. You will build user-facing features in React under the guidance of senior engineers, participate in code review from day one, and gradually take on larger pieces of the codebase. We care more about your ability to reason through problems and learn quickly than about years on your CV. Recent graduates and bootcamp alumni are encouraged to apply."
JP-014,Recruitment Consultant,Human Resources,Mid,Full-time,"Colombo, Sri Lanka",Hybrid,140000,190000,LKR,2-4,Sourcing;Client Management;Interviewing;ATS Tools,"As a Recruitment Consultant you will manage the full recruitment lifecycle for a portfolio of client accounts: sourcing candidates, screening resumes and conducting first-round interviews, and advising clients on market salary benchmarks. You'll use our ATS to track pipeline health and report weekly on time-to-fill metrics. This role suits someone who enjoys both people-facing work and the operational discipline of a structured pipeline."
JP-015,QA Engineer,Engineering,Mid,Full-time,"Colombo, Sri Lanka",Hybrid,180000,240000,LKR,2-4,Test Automation;Selenium;API Testing;Bug Tracking,"We're looking for a QA Engineer to build out automated test coverage across our web application and public API. You will design test plans for new features, maintain a growing Selenium suite, and work closely with engineers to reproduce and triage reported bugs. A mindset of 'break it before customers do' paired with clear, reproducible bug reports will make you successful here."
JP-016,Machine Learning Engineer,Data & Analytics,Senior,Full-time,Remote (Sri Lanka),Remote,380000,500000,LKR,5-9,PyTorch;Model Deployment;Docker;Feature Engineering,"Our ML team needs a Senior Machine Learning Engineer to take models from notebook to production. You'll work with data scientists to productionize PyTorch models, build robust feature pipelines, and containerize services for reliable deployment. Strong software engineering fundamentals matter as much as ML knowledge here — we expect tested, maintainable code, not one-off scripts. Fully remote with occasional travel for team offsites."
JP-017,Office Administrator,Operations,Junior,Full-time,"Kandy, Sri Lanka",On-site,65000,90000,LKR,1-3,Scheduling;Vendor Management;MS Office;Organization,"We need a dependable Office Administrator to keep our Kandy branch running smoothly: managing supplies and vendor relationships, coordinating meeting schedules for leadership, and serving as the first point of contact for visitors. This role is highly varied day-to-day and suits someone who takes pride in a well-run office and enjoys being the person others rely on to get things sorted."
JP-018,UI/UX Designer,Product,Mid,Full-time,"Colombo, Sri Lanka",Hybrid,190000,260000,LKR,3-5,Figma;User Research;Prototyping;Design Systems,"Join our product team as a UI/UX Designer responsible for turning rough problem statements into polished, tested interfaces. You will run light-weight user research, prototype flows in Figma, and maintain our growing design system so the product feels coherent as it scales. You'll partner closely with the Senior Product Manager and present design rationale directly to engineering."
JP-019,Business Development Executive,Sales,Mid,Full-time,"Colombo, Sri Lanka",Hybrid,160000,220000,LKR,3-5,Partnerships;Market Research;Negotiation;Presentation,"We are hiring a Business Development Executive to identify and close strategic partnerships that open new revenue channels. You will research target markets, build a business case for each opportunity, and lead negotiations through to signed agreements. This role requires equal parts analytical rigor and relationship-building instinct, and reports directly to the Head of Sales."
JP-020,IT Support Technician,Engineering,Junior,Full-time,"Colombo, Sri Lanka",On-site,85000,115000,LKR,0-2,Windows/macOS Support;Networking Basics;Ticketing Systems;Hardware Troubleshooting,"Our internal IT Support Technician keeps 80+ employees productive by resolving hardware and software issues quickly, managing laptop provisioning for new hires, and maintaining basic network infrastructure across our office. You'll triage tickets by priority, document recurring issues to reduce repeat tickets, and escalate complex networking problems to our outsourced IT partner."
